original_name,artist_guess,title_guess,assigned_genre,confidence,new_path,reasons
@coldplay - Fix You (Lyrics) [bzRMneypG04].webm,@coldplay,fix you,alternative,10,musicup/alternative/@coldplay - Fix You (Lyrics) [bzRMneypG04].webm,artist:coldplay->alternative
A Better Man [a2WHlrS-wrE].webm,Unknown,a better man,unsorted,0.0,musicup/unsorted/A Better Man [a2WHlrS-wrE].webm,no strong match
A Little More Country Than That [qDcV9qiqCiM].webm,Unknown,a little more country than that,country,6,musicup/country/A Little More Country Than That [qDcV9qiqCiM].webm,kw:country+6->country
A Thousand Years - Christina Perri -Official Audio- [2sQ7dBqLdeo].webm,a thousand years,christina perri -official audio,pop,14.6,musicup/pop/A Thousand Years - Christina Perri -Official Audio- [2sQ7dBqLdeo].webm,artist:christina perri->pop | kw:official audio+1->pop | kw:a thousand years+4->pop
Ain't No Thang [dt2bxeaoFxo].webm,Unknown,ain't no thang,unsorted,0.0,musicup/unsorted/Ain't No Thang [dt2bxeaoFxo].webm,no strong match
Alabama - Born Country (Official Audio) [EzeaaIfj1Us].webm,alabama,born country,country,6,musicup/country/Alabama - Born Country (Official Audio) [EzeaaIfj1Us].webm,kw:country+6->country
Alabama - High Cotton (Official Video) [IhsbhbnKoR0].webm,alabama,high cotton,unsorted,0.0,musicup/unsorted/Alabama - High Cotton (Official Video) [IhsbhbnKoR0].webm,no strong match
Alabama - Roll On (Eighteen Wheeler) (Official Audio) [eZ9Jel6ePQc].webm,alabama,roll on (eighteen wheeler),unsorted,0.0,musicup/unsorted/Alabama - Roll On (Eighteen Wheeler) (Official Audio) [eZ9Jel6ePQc].webm,no strong match
Alabama - Song of The South (Official Audio) [bKiiOPalIy4].webm,alabama,song of the south,unsorted,0.0,musicup/unsorted/Alabama - Song of The South (Official Audio) [bKiiOPalIy4].webm,no strong match
Alabama - Tennessee River (Official Audio) [DsrMo198l-o].webm,alabama,tennessee river,unsorted,0.0,musicup/unsorted/Alabama - Tennessee River (Official Audio) [DsrMo198l-o].webm,no strong match
Alan Jackson - Drive (For Daddy Gene) (Official Music Video) [dQe3DKDQRRs].webm,alan jackson,drive (for daddy gene),country,10,musicup/country/Alan Jackson - Drive (For Daddy Gene) (Official Music Video) [dQe3DKDQRRs].webm,artist:alan jackson->country
Alan Jackson - It Must Be Love (Official Audio) [F-aogt1CsZc].webm,alan jackson,it must be love,country,10,musicup/country/Alan Jackson - It Must Be Love (Official Audio) [F-aogt1CsZc].webm,artist:alan jackson->country
Alan Jackson - Little Bitty (Official Music Video) [Eo2OIUpWznY].webm,alan jackson,little bitty,country,10,musicup/country/Alan Jackson - Little Bitty (Official Music Video) [Eo2OIUpWznY].webm,artist:alan jackson->country
Alan Jackson - Pop A Top (Official Music Video) [pm-zduI7zcE].webm,alan jackson,pop a top,country,10,musicup/country/Alan Jackson - Pop A Top (Official Music Video) [pm-zduI7zcE].webm,artist:alan jackson->country
"Alan Jackson - Tall, Tall Trees (Official Music Video) [Ifbmjmlfhp4].webm",alan jackson,"tall, tall trees",country,10,"musicup/country/Alan Jackson - Tall, Tall Trees (Official Music Video) [Ifbmjmlfhp4].webm",artist:alan jackson->country
Alan Jackson Remember When Audio [eO_dUkQKZhg].webm,Unknown,alan jackson remember when audio,country,9.8,musicup/country/Alan Jackson Remember When Audio [eO_dUkQKZhg].webm,artist:alan jackson->country
Alex Warren - Ordinary (Official Video) [u2ah9tWTkmk].webm,alex warren,ordinary,unsorted,0.0,musicup/unsorted/Alex Warren - Ordinary (Official Video) [u2ah9tWTkmk].webm,no strong match
Alibis [R720Cr0EDvA].webm,Unknown,alibis,unsorted,0.0,musicup/unsorted/Alibis [R720Cr0EDvA].webm,no strong match
All My Ex's Live In Texas [9qumxVP8PrE].webm,Unknown,all my ex's live in texas,unsorted,0.0,musicup/unsorted/All My Ex's Live In Texas [9qumxVP8PrE].webm,no strong match
Amarillo By Morning [FbVISS-lEAc].webm,Unknown,amarillo by morning,unsorted,0.0,musicup/unsorted/Amarillo By Morning [FbVISS-lEAc].webm,no strong match
American Authors - Best Day Of My Life (Audio) [wutzv7JjX7k].webm,american authors,best day of my life,pop,10,musicup/pop/American Authors - Best Day Of My Life (Audio) [wutzv7JjX7k].webm,artist:american authors->pop
Apologize [8OiXinljqhw].webm,Unknown,apologize,unsorted,0.0,musicup/unsorted/Apologize [8OiXinljqhw].webm,no strong match
"Artists Of Then, Now & Forever - Forever Country [s9gAXwYZtfk].webm","artists of then, now & forever",forever country,country,46,"musicup/country/Artists Of Then, Now & Forever - Forever Country [s9gAXwYZtfk].webm","artist:artists of then, now & forever->country | artist:artists of then, now & forever - forever country->country | artist:forever country->country | kw:country+6->country | kw:forever country+10->country"
Avicii - Wake Me Up (Official Lyric Video) [5y_KJAg8bHI].webm,avicii,wake me up,electronic,10,musicup/electronic/Avicii - Wake Me Up (Official Lyric Video) [5y_KJAg8bHI].webm,artist:avicii->electronic
B.o.B - Nothin' On You (feat. Bruno Mars) [Official Video] [8PTDv_szmL0].webm,b.o.b,nothin' on you (feat. bruno mars),hiphop,5,musicup/hiphop/B.o.B - Nothin' On You (feat. Bruno Mars) [Official Video] [8PTDv_szmL0].webm,artist:bruno mars->pop | artist:b.o.b->hiphop | kw:feat.+1->hiphop | kw:nothin' on you+4->hiphop
Baby Blue [dfOaLpIrC20].webm,Unknown,baby blue,unsorted,0.0,musicup/unsorted/Baby Blue [dfOaLpIrC20].webm,no strong match
Baby Girl [ccKWh0jZR5M].webm,Unknown,baby girl,unsorted,0.0,musicup/unsorted/Baby Girl [ccKWh0jZR5M].webm,no strong match
Baby's Got Her Blue Jeans On [I2OaeJQzYTs].webm,Unknown,baby's got her blue jeans on,unsorted,0.0,musicup/unsorted/Baby's Got Her Blue Jeans On [I2OaeJQzYTs].webm,no strong match
Back Where I Come From (New Recording with Kenny's Band) [sXw0X0R6pBk].webm,Unknown,back where i come from (new recording with kenny's band),unsorted,0.0,musicup/unsorted/Back Where I Come From (New Recording with Kenny's Band) [sXw0X0R6pBk].webm,no strong match
Backstreet Boys - I Want It That Way (Official Audio) [z6Wq59qrdB0].webm,backstreet boys,i want it that way,pop,10,musicup/pop/Backstreet Boys - I Want It That Way (Official Audio) [z6Wq59qrdB0].webm,artist:backstreet boys->pop
Be My Baby Tonight [R-U3Zo-GIpw].webm,Unknown,be my baby tonight,unsorted,0.0,musicup/unsorted/Be My Baby Tonight [R-U3Zo-GIpw].webm,no strong match
Believe [-mZAX4Td3-4].webm,Unknown,believe,unsorted,0.0,musicup/unsorted/Believe [-mZAX4Td3-4].webm,no strong match
Billy Currington - I Got A Feelin' (Official Music Video) [xFHBzVZMXk8].webm,billy currington,i got a feelin',unsorted,0.0,musicup/unsorted/Billy Currington - I Got A Feelin' (Official Music Video) [xFHBzVZMXk8].webm,no strong match
Billy Currington - People Are Crazy (Official Music Video) [PKpQRjj_WbU].webm,billy currington,people are crazy,unsorted,0.0,musicup/unsorted/Billy Currington - People Are Crazy (Official Music Video) [PKpQRjj_WbU].webm,no strong match
Billy Currington-Must Be Doin Something Right Full Song [CQaJGV8ZGzo].webm,Unknown,billy currington-must be doin something right full song,unsorted,0.0,musicup/unsorted/Billy Currington-Must Be Doin Something Right Full Song [CQaJGV8ZGzo].webm,no strong match
Billy Ray Cyrus - Achy Breaky Heart [rU3PMOIX7xw].webm,billy ray cyrus,achy breaky heart,unsorted,0.0,musicup/unsorted/Billy Ray Cyrus - Achy Breaky Heart [rU3PMOIX7xw].webm,no strong match
Blake Shelton - Austin (Official Audio) [eh03igeb-HM].webm,blake shelton,austin,country,10,musicup/country/Blake Shelton - Austin (Official Audio) [eh03igeb-HM].webm,artist:blake shelton->country
Blake Shelton - Honey Bee (Official Audio) [IwJ9RJgsmOQ].webm,blake shelton,honey bee,country,10,musicup/country/Blake Shelton - Honey Bee (Official Audio) [IwJ9RJgsmOQ].webm,artist:blake shelton->country
Blake Shelton - Ol' Red (Official Music Video) [asxrMSVrJ08].webm,blake shelton,ol' red,country,10,musicup/country/Blake Shelton - Ol' Red (Official Music Video) [asxrMSVrJ08].webm,artist:blake shelton->country
Blue Clear Sky [-kDotYBr8rc].webm,Unknown,blue clear sky,unsorted,0.0,musicup/unsorted/Blue Clear Sky [-kDotYBr8rc].webm,no strong match
Boot Scootin' Boogie [OyWTyVaF5Uc].webm,Unknown,boot scootin' boogie,unsorted,0.0,musicup/unsorted/Boot Scootin' Boogie [OyWTyVaF5Uc].webm,no strong match
Brad Paisley - I'm Gonna Miss Her (Lyrics) [78AyhdkcDBU].webm,brad paisley,i'm gonna miss her,unsorted,0.0,musicup/unsorted/Brad Paisley - I'm Gonna Miss Her (Lyrics) [78AyhdkcDBU].webm,no strong match
Brand New Man [QWt6KLjKlS4].webm,Unknown,brand new man,unsorted,0.0,musicup/unsorted/Brand New Man [QWt6KLjKlS4].webm,no strong match
Brooks & Dunn - Hard Workin' Man (Official Video) [VcXg8RrylII].webm,brooks & dunn,hard workin' man,unsorted,0.0,musicup/unsorted/Brooks & Dunn - Hard Workin' Man (Official Video) [VcXg8RrylII].webm,no strong match
Brooks & Dunn - Neon Moon (Official Audio) [AxFdeZER8Eg].webm,brooks & dunn,neon moon,unsorted,0.0,musicup/unsorted/Brooks & Dunn - Neon Moon (Official Audio) [AxFdeZER8Eg].webm,no strong match
"Brooks & Dunn, Cody Johnson - Red Dirt Road (with Cody Johnson [Audio]) [8QSsknq812U].webm","brooks & dunn, cody johnson",red dirt road (with cody johnson ),unsorted,0.0,"musicup/unsorted/Brooks & Dunn, Cody Johnson - Red Dirt Road (with Cody Johnson [Audio]) [8QSsknq812U].webm",no strong match
Brother Jukebox [PSXJwS8OJiA].webm,Unknown,brother jukebox,unsorted,0.0,musicup/unsorted/Brother Jukebox [PSXJwS8OJiA].webm,no strong match
Bruno Mars - It Will Rain [Audio] [LMnPwyu-EcQ].webm,bruno mars,it will rain,pop,10,musicup/pop/Bruno Mars - It Will Rain [Audio] [LMnPwyu-EcQ].webm,artist:bruno mars->pop
Bruno Mars - The Lazy Song (Official Music Video) [fLexgOxsZu0].webm,bruno mars,the lazy song,pop,10,musicup/pop/Bruno Mars - The Lazy Song (Official Music Video) [fLexgOxsZu0].webm,artist:bruno mars->pop
Bryan Adams - Heaven (Classic Version) [vf3zFvcKQkw].webm,bryan adams,heaven (classic version),rock,12,musicup/rock/Bryan Adams - Heaven (Classic Version) [vf3zFvcKQkw].webm,artist:bryan adams->rock | kw:classic+2->rock
Buddy Jewell - Sweet Southern Comfort [f0mBFiqv76I].webm,buddy jewell,sweet southern comfort,unsorted,0.0,musicup/unsorted/Buddy Jewell - Sweet Southern Comfort [f0mBFiqv76I].webm,no strong match
BURN IT DOWN (Official Lyric Video) - Linkin Park [zgEKLhvCCVA].webm,burn it down,linkin park,rock,10,musicup/rock/BURN IT DOWN (Official Lyric Video) - Linkin Park [zgEKLhvCCVA].webm,artist:linkin park->rock
Callin' Baton Rouge [qK2H-g2gixM].webm,Unknown,callin' baton rouge,unsorted,0.0,musicup/unsorted/Callin' Baton Rouge [qK2H-g2gixM].webm,no strong match
Capital Cities - Safe And Sound [mQmOZX-8EZI].webm,capital cities,safe and sound,pop,3,musicup/pop/Capital Cities - Safe And Sound [mQmOZX-8EZI].webm,kw:safe and sound+3->pop
Carried Away [TjW6Y0ZNDWQ].webm,Unknown,carried away,unsorted,0.0,musicup/unsorted/Carried Away [TjW6Y0ZNDWQ].webm,no strong match
Chasin' That Neon Rainbow [_qFacDXU6qM].webm,Unknown,chasin' that neon rainbow,unsorted,0.0,musicup/unsorted/Chasin' That Neon Rainbow [_qFacDXU6qM].webm,no strong match
Chattahoochee [9kkDgx01aHc].webm,Unknown,chattahoochee,unsorted,0.0,musicup/unsorted/Chattahoochee [9kkDgx01aHc].webm,no strong match
Chicken Fried (Greatest Hits Version) [Ro4BWhD4uVk].webm,Unknown,chicken fried (greatest hits version),unsorted,2,musicup/unsorted/Chicken Fried (Greatest Hits Version) [Ro4BWhD4uVk].webm,kw:hick+2->country
Chris Young - Gettin' You Home (Official Video) [ZWP7ZtVLPd4].webm,chris young,gettin' you home,unsorted,0.0,musicup/unsorted/Chris Young - Gettin' You Home (Official Video) [ZWP7ZtVLPd4].webm,no strong match
Clay Walker - If I Could Make a Living (Official Music Video) [0q8-CwJYvfA].webm,clay walker,if i could make a living,unsorted,0.0,musicup/unsorted/Clay Walker - If I Could Make a Living (Official Music Video) [0q8-CwJYvfA].webm,no strong match
Clay Walker - Then What？ (Official Audio) [yja7J3JGBCc].webm,clay walker,then what？,unsorted,0.0,musicup/unsorted/Clay Walker - Then What？ (Official Audio) [yja7J3JGBCc].webm,no strong match
Clay Walker - What's It To You (Official Audio) [GgZHT657om4].webm,clay walker,what's it to you,unsorted,0.0,musicup/unsorted/Clay Walker - What's It To You (Official Audio) [GgZHT657om4].webm,no strong match
Clean Bandit - Rather Be ft. Jess Glynne [Official Video] [m-M1AtrxztU].webm,clean bandit,rather be ft. jess glynne,pop,9,musicup/pop/Clean Bandit - Rather Be ft. Jess Glynne [Official Video] [m-M1AtrxztU].webm,artist:clean bandit->pop | kw:ft.+1->hiphop
Cody Johnson - ＂Dance Her Home＂ (Official Audio) [RXUkmXE4SBI].webm,cody johnson,"""dance her home""",unsorted,0.0,musicup/unsorted/Cody Johnson - ＂Dance Her Home＂ (Official Audio) [RXUkmXE4SBI].webm,no strong match
Coldplay - A Sky Full Of Stars (Official audio) [zp7NtW_hKJI].webm,coldplay,a sky full of stars,alternative,13,musicup/alternative/Coldplay - A Sky Full Of Stars (Official audio) [zp7NtW_hKJI].webm,artist:coldplay->alternative | kw:sky full of stars+3->alternative
Coldplay - Paradise (Official Audio) [J6ZWlDks0nQ].webm,coldplay,paradise,alternative,13,musicup/alternative/Coldplay - Paradise (Official Audio) [J6ZWlDks0nQ].webm,artist:coldplay->alternative | kw:paradise+3->alternative
Coldplay - The Scientist (Official 4K Video) [RB-RcX5DS5A].webm,coldplay,the scientist,alternative,13,musicup/alternative/Coldplay - The Scientist (Official 4K Video) [RB-RcX5DS5A].webm,artist:coldplay->alternative | kw:the scientist+3->alternative
Coldplay - Yellow (Official Video) [yKNxeF4KMsY].webm,coldplay,yellow,alternative,10,musicup/alternative/Coldplay - Yellow (Official Video) [yKNxeF4KMsY].webm,artist:coldplay->alternative | kw:low+3->hiphop | kw:yellow+3->alternative
Conway Twitty - I'd Love To Lay You Down [d7FspsAHqfQ].webm,conway twitty,i'd love to lay you down,unsorted,0.0,musicup/unsorted/Conway Twitty - I'd Love To Lay You Down [d7FspsAHqfQ].webm,no strong match
Country Club [Xcj5bysG7f8].webm,Unknown,country club,country,6,musicup/country/Country Club [Xcj5bysG7f8].webm,kw:country+6->country
Creed - One Last Breath (Official Audio) [hwR6teRhmlc].webm,creed,one last breath,rock,14,musicup/rock/Creed - One Last Breath (Official Audio) [hwR6teRhmlc].webm,artist:creed->rock | kw:one last breath+4->rock
Dallas [XcAntdVbQdI].webm,Unknown,dallas,unsorted,0.0,musicup/unsorted/Dallas [XcAntdVbQdI].webm,no strong match
David Ball - Thinkin' Problem HIGHEST QUALITY [YZr2Dao-5oU].webm,david ball,thinkin' problem highest quality,unsorted,0.0,musicup/unsorted/David Ball - Thinkin' Problem HIGHEST QUALITY [YZr2Dao-5oU].webm,no strong match
David Guetta & Bebe Rexha - I'm Good (Blue) [Official Lyric Video] [NN1f066QTMU].webm,david guetta & bebe rexha,i'm good (blue),electronic,12,musicup/electronic/David Guetta & Bebe Rexha - I'm Good (Blue) [Official Lyric Video] [NN1f066QTMU].webm,artist:david guetta->electronic | kw:i'm good+2->electronic
David Guetta - Without You ft. Usher (Official Video) [jUe8uoKdHao].webm,david guetta,without you ft. usher,electronic,11,musicup/electronic/David Guetta - Without You ft. Usher (Official Video) [jUe8uoKdHao].webm,artist:david guetta->electronic | kw:ft.+1->hiphop | kw:without you+2->electronic
David Lee Murphy - Dust On The Bottle (Official Video) [uNkF_ZpQ4eg].webm,david lee murphy,dust on the bottle,unsorted,0.0,musicup/unsorted/David Lee Murphy - Dust On The Bottle (Official Video) [uNkF_ZpQ4eg].webm,no strong match
Deana Carter - Strawberry Wine (Official Music Video) [Up06CryWQpE].webm,deana carter,strawberry wine,unsorted,0.0,musicup/unsorted/Deana Carter - Strawberry Wine (Official Music Video) [Up06CryWQpE].webm,no strong match
Deana Carter - We Danced Anyway [Rquivobr_zc].webm,deana carter,we danced anyway,unsorted,0.0,musicup/unsorted/Deana Carter - We Danced Anyway [Rquivobr_zc].webm,no strong match
Deeper Than the Holler [hCgSbb_hJA0].webm,Unknown,deeper than the holler,unsorted,0.0,musicup/unsorted/Deeper Than the Holler [hCgSbb_hJA0].webm,no strong match
Diamond Rio - How Your Love Makes Me Feel (Official Audio) [OUwi7nLD3yo].webm,diamond rio,how your love makes me feel,unsorted,0.0,musicup/unsorted/Diamond Rio - How Your Love Makes Me Feel (Official Audio) [OUwi7nLD3yo].webm,no strong match
Diamond Rio - Meet In the Middle (Official Audio) [5Mc_225lAEY].webm,diamond rio,meet in the middle,unsorted,0.0,musicup/unsorted/Diamond Rio - Meet In the Middle (Official Audio) [5Mc_225lAEY].webm,no strong match
Diamond Rio - Norma Jean Riley (Official Audio) [qW_WW_r_kQg].webm,diamond rio,norma jean riley,unsorted,0.0,musicup/unsorted/Diamond Rio - Norma Jean Riley (Official Audio) [qW_WW_r_kQg].webm,no strong match
Diamond Rio - Unbelievable (Official Audio) [pr5WPFzWPdo].webm,diamond rio,unbelievable,unsorted,0.0,musicup/unsorted/Diamond Rio - Unbelievable (Official Audio) [pr5WPFzWPdo].webm,no strong match
Diamond Rio -- Imagine That [52_I3PTfDk4].webm,Unknown,diamond rio -- imagine that,unsorted,0.0,musicup/unsorted/Diamond Rio -- Imagine That [52_I3PTfDk4].webm,no strong match
Dixieland Delight (Single Edit) [_X7hbg349A8].webm,Unknown,dixieland delight (single edit),unsorted,0.0,musicup/unsorted/Dixieland Delight (Single Edit) [_X7hbg349A8].webm,no strong match
Don't Rock The Jukebox [fEvG2IRqA1U].webm,Unknown,don't rock the jukebox,unsorted,0.0,musicup/unsorted/Don't Rock The Jukebox [fEvG2IRqA1U].webm,no strong match
Don't Take Her She's All I Got [D5BMCb-O2cQ].webm,Unknown,don't take her she's all i got,unsorted,0.0,musicup/unsorted/Don't Take Her She's All I Got [D5BMCb-O2cQ].webm,no strong match
Don't Take The Girl [FWaW1IjbmAk].webm,Unknown,don't take the girl,unsorted,0.0,musicup/unsorted/Don't Take The Girl [FWaW1IjbmAk].webm,no strong match
Down Home [_ldcaisvK8o].webm,Unknown,down home,unsorted,0.0,musicup/unsorted/Down Home [_ldcaisvK8o].webm,no strong match
Down On The Farm [3CgWogwFHjc].webm,Unknown,down on the farm,unsorted,0.0,musicup/unsorted/Down On The Farm [3CgWogwFHjc].webm,no strong match
Drinkin' My Baby Goodbye [HX9RDjBpL0Q].webm,Unknown,drinkin' my baby goodbye,unsorted,0.0,musicup/unsorted/Drinkin' My Baby Goodbye [HX9RDjBpL0Q].webm,no strong match
Dwight Yoakam - Fast As You (Official Video) [A2qo1x9rcCc].webm,dwight yoakam,fast as you,unsorted,0.0,musicup/unsorted/Dwight Yoakam - Fast As You (Official Video) [A2qo1x9rcCc].webm,no strong match
Dwight Yoakam - Honky Tonk Man (Official Video) [eBlc2FN99is].webm,dwight yoakam,honky tonk man,unsorted,0.0,musicup/unsorted/Dwight Yoakam - Honky Tonk Man (Official Video) [eBlc2FN99is].webm,no strong match
Easton Corbin - A Girl Like You (Audio) [Qjcus0-Gc_U].webm,easton corbin,a girl like you,unsorted,0.0,musicup/unsorted/Easton Corbin - A Girl Like You (Audio) [Qjcus0-Gc_U].webm,no strong match
Easton Corbin - All Over The Road [9IRNLeBoozo].webm,easton corbin,all over the road,unsorted,0.0,musicup/unsorted/Easton Corbin - All Over The Road [9IRNLeBoozo].webm,no strong match
Easton Corbin - Lovin' You Is Fun [LSTPIUz_QY4].webm,easton corbin,lovin' you is fun,unsorted,0.0,musicup/unsorted/Easton Corbin - Lovin' You Is Fun [LSTPIUz_QY4].webm,no strong match
"Easy Come, Easy Go [xQRuodiIR18].webm",Unknown,"easy come, easy go",unsorted,0.0,"musicup/unsorted/Easy Come, Easy Go [xQRuodiIR18].webm",no strong match
Ella Langley - Choosin' Texas (Official Lyric Video) [hLOheGDwD_0].webm,ella langley,choosin' texas,unsorted,0.0,musicup/unsorted/Ella Langley - Choosin' Texas (Official Lyric Video) [hLOheGDwD_0].webm,no strong match
Everywhere [D1D6Ix1kgIw].webm,Unknown,everywhere,unsorted,0.0,musicup/unsorted/Everywhere [D1D6Ix1kgIw].webm,no strong match
Family Tradition [GdDyEqnhvNI].webm,Unknown,family tradition,unsorted,0.0,musicup/unsorted/Family Tradition [GdDyEqnhvNI].webm,no strong match
Flo Rida - Good Feeling (Audio) [hV2z4oBNFKs].webm,flo rida,good feeling,hiphop,10,musicup/hiphop/Flo Rida - Good Feeling (Audio) [hV2z4oBNFKs].webm,artist:flo rida->hiphop
Flo Rida - My House (Official Audio) [TuxMwALL_S4].webm,flo rida,my house,hiphop,13,musicup/hiphop/Flo Rida - My House (Official Audio) [TuxMwALL_S4].webm,artist:flo rida->hiphop | kw:my house+3->hiphop
Flo Rida feat. T-Pain - Low ｜ Lyrics [CxPc1Q3-0zc].webm,flo rida feat. t-pain,low | lyrics,hiphop,13.0,musicup/hiphop/Flo Rida feat. T-Pain - Low ｜ Lyrics [CxPc1Q3-0zc].webm,artist:flo rida->hiphop | kw:lyrics+1->pop | kw:feat.+1->hiphop | kw:low+3->hiphop
Fool Hearted Memory [DB-VNN4WrvE].webm,Unknown,fool hearted memory,unsorted,0.0,musicup/unsorted/Fool Hearted Memory [DB-VNN4WrvE].webm,no strong match
Free [iL85KKFcgMk].webm,Unknown,free,unsorted,0.0,musicup/unsorted/Free [iL85KKFcgMk].webm,no strong match
Fun.： We Are Young ft. Janelle Monáe [OFFICIAL VIDEO] [Sv6dMFF_yts].webm,Unknown,fun.: we are young ft. janelle monáe,alternative,12,musicup/alternative/Fun.： We Are Young ft. Janelle Monáe [OFFICIAL VIDEO] [Sv6dMFF_yts].webm,artist:fun.->alternative | kw:ft.+1->hiphop | kw:we are young+3->alternative
George Strait - Baby's Gotten Good At Goodbye (Official Music Video) [HDbxoUjxZzM].webm,george strait,baby's gotten good at goodbye,country,10,musicup/country/George Strait - Baby's Gotten Good At Goodbye (Official Music Video) [HDbxoUjxZzM].webm,artist:george strait->country
George Strait - Carrying Your Love With Me (Official Music Video) [HD] [jH4YI1faPwU].webm,george strait,carrying your love with me,country,10,musicup/country/George Strait - Carrying Your Love With Me (Official Music Video) [HD] [jH4YI1faPwU].webm,artist:george strait->country
George Strait - Check Yes Or No (Official Music Video) [NHxS8wlDngI].webm,george strait,check yes or no,country,10,musicup/country/George Strait - Check Yes Or No (Official Music Video) [NHxS8wlDngI].webm,artist:george strait->country
George Strait - Here For A Good Time (Official Audio) [Sl3lcTZN7fI].webm,george strait,here for a good time,country,10,musicup/country/George Strait - Here For A Good Time (Official Audio) [Sl3lcTZN7fI].webm,artist:george strait->country
George Strait - I Got A Car (with lyrics) [m26zzjAdeNQ].webm,george strait,i got a car (with lyrics),country,9.0,musicup/country/George Strait - I Got A Car (with lyrics) [m26zzjAdeNQ].webm,artist:george strait->country | kw:lyrics+1->pop
George Strait - The Chair [BfUdRDxNjpI].webm,george strait,the chair,country,10,musicup/country/George Strait - The Chair [BfUdRDxNjpI].webm,artist:george strait->country
George Strait - The Cowboy Rides Away (Official Lyric Video) [kFbbyt6oAmk].webm,george strait,the cowboy rides away,country,9,musicup/country/George Strait - The Cowboy Rides Away (Official Lyric Video) [kFbbyt6oAmk].webm,artist:george strait->country | kw:cowboy+2->country | kw:ride+3->alternative
George Strait - The Seashores Of Old Mexico (Official Music Video - Closed Captioned) [V-9FdWmZqRQ].webm,george strait,the seashores of old mexico,country,10,musicup/country/George Strait - The Seashores Of Old Mexico (Official Music Video - Closed Captioned) [V-9FdWmZqRQ].webm,artist:george strait->country
George Strait-Troubadour [Zo-tSAtM9ZQ].webm,Unknown,george strait-troubadour,country,10,musicup/country/George Strait-Troubadour [Zo-tSAtM9ZQ].webm,artist:george strait->country
Girl on Fire [mVuSfxqpZa4].webm,Unknown,girl on fire,unsorted,0.0,musicup/unsorted/Girl on Fire [mVuSfxqpZa4].webm,no strong match
Give It All We Got Tonight [jcu627EI4ck].webm,Unknown,give it all we got tonight,unsorted,0.0,musicup/unsorted/Give It All We Got Tonight [jcu627EI4ck].webm,no strong match
God Blessed Texas (Special Version) [OQkq9eoH63w].webm,Unknown,god blessed texas (special version),unsorted,0.0,musicup/unsorted/God Blessed Texas (Special Version) [OQkq9eoH63w].webm,no strong match
Gone Country [RBYu5tIT8O4].webm,Unknown,gone country,country,6,musicup/country/Gone Country [RBYu5tIT8O4].webm,kw:country+6->country
Good Directions [myr5JxC4b_I].webm,Unknown,good directions,unsorted,0.0,musicup/unsorted/Good Directions [myr5JxC4b_I].webm,no strong match
Green Day - Wake Me Up When September Ends (Official Audio) [pGhwBFYtn1s].webm,green day,wake me up when september ends,rock,11,musicup/rock/Green Day - Wake Me Up When September Ends (Official Audio) [pGhwBFYtn1s].webm,artist:green day->rock | kw:september ends+4->rock | kw:wake me up when september ends+3->alternative
"Guitars, Cadillacs [C6N5aT9XmQg].webm",Unknown,"guitars, cadillacs",unsorted,1,"musicup/unsorted/Guitars, Cadillacs [C6N5aT9XmQg].webm",kw:guitar+1->rock
Gym Class Heroes： Stereo Hearts ft. Adam Levine [Official Audio] Full HD [JendCt1BhvU].webm,Unknown,gym class heroes: stereo hearts ft. adam levine full hd,unsorted,0.8,musicup/unsorted/Gym Class Heroes： Stereo Hearts ft. Adam Levine [Official Audio] Full HD [JendCt1BhvU].webm,kw:ft.+1->hiphop
Harry Styles - Sign of the Times (Audio) [z0GKGpObgPY].webm,harry styles,sign of the times,pop,14,musicup/pop/Harry Styles - Sign of the Times (Audio) [z0GKGpObgPY].webm,artist:harry styles->pop | kw:sign of the times+4->pop
He Ain't Worth Missing - Toby Keith [8Tph-NG0ogc].webm,he ain't worth missing,toby keith,unsorted,0.0,musicup/unsorted/He Ain't Worth Missing - Toby Keith [8Tph-NG0ogc].webm,no strong match
"Heads Carolina, Tails California - Jo Dee Messina [VYDLy-hbSdA].webm","heads carolina, tails california",jo dee messina,unsorted,0.0,"musicup/unsorted/Heads Carolina, Tails California - Jo Dee Messina [VYDLy-hbSdA].webm",no strong match
Hoobastank - The Reason  (Audio) [2kB3JxcZUUM].webm,hoobastank,the reason,rock,10,musicup/rock/Hoobastank - The Reason  (Audio) [2kB3JxcZUUM].webm,artist:hoobastank->rock
I Can Still Make Cheyenne [XeuOAcrT_bc].webm,Unknown,i can still make cheyenne,unsorted,0.0,musicup/unsorted/I Can Still Make Cheyenne [XeuOAcrT_bc].webm,no strong match
I Don't Even Know Your Name [e9Y5ns3GgRw].webm,Unknown,i don't even know your name,unsorted,0.0,musicup/unsorted/I Don't Even Know Your Name [e9Y5ns3GgRw].webm,no strong match
I Don't Want to Miss a Thing (From ＂Armageddon＂ Soundtrack) [YZSGRv02THg].webm,Unknown,"i don't want to miss a thing (from ""armageddon"" soundtrack)",unsorted,0.0,musicup/unsorted/I Don't Want to Miss a Thing (From ＂Armageddon＂ Soundtrack) [YZSGRv02THg].webm,no strong match
I Gotta Feeling [hs_yk24ghzA].webm,Unknown,i gotta feeling,unsorted,0.0,musicup/unsorted/I Gotta Feeling [hs_yk24ghzA].webm,no strong match
I Just Want To Dance With You [Z6SF_t22KTI].webm,Unknown,i just want to dance with you,unsorted,0.0,musicup/unsorted/I Just Want To Dance With You [Z6SF_t22KTI].webm,no strong match
"I Like It, I Love It [aAZVtj_JsCY].webm",Unknown,"i like it, i love it",unsorted,0.0,"musicup/unsorted/I Like It, I Love It [aAZVtj_JsCY].webm",no strong match
I Still Haven't Found What I'm Looking For [neG5xgZbHOg].webm,Unknown,i still haven't found what i'm looking for,unsorted,0.0,musicup/unsorted/I Still Haven't Found What I'm Looking For [neG5xgZbHOg].webm,no strong match
I Will Wait [DWD7CNFlsOc].webm,Unknown,i will wait,unsorted,0.0,musicup/unsorted/I Will Wait [DWD7CNFlsOc].webm,no strong match
I'm Gonna Be Somebody [yE8c7CEwdOE].webm,Unknown,i'm gonna be somebody,unsorted,0.0,musicup/unsorted/I'm Gonna Be Somebody [yE8c7CEwdOE].webm,no strong match
I'm in a Hurry (And Don't Know Why) [15gT9HByEN4].webm,Unknown,i'm in a hurry (and don't know why),unsorted,0.0,musicup/unsorted/I'm in a Hurry (And Don't Know Why) [15gT9HByEN4].webm,no strong match
If Tomorrow Never Comes [CEiAZmRyc60].webm,Unknown,if tomorrow never comes,unsorted,0.0,musicup/unsorted/If Tomorrow Never Comes [CEiAZmRyc60].webm,no strong match
If You're Gonna Play In Texas [w6r4E514nJg].webm,Unknown,if you're gonna play in texas,unsorted,0.0,musicup/unsorted/If You're Gonna Play In Texas [w6r4E514nJg].webm,no strong match
If You're Reading This [H-XO1KOXjoo].webm,Unknown,if you're reading this,unsorted,0.0,musicup/unsorted/If You're Reading This [H-XO1KOXjoo].webm,no strong match
Imagine Dragons - Demons (Lyric Video) [pvrkfb1C4tE].webm,imagine dragons,demons,alternative,13,musicup/alternative/Imagine Dragons - Demons (Lyric Video) [pvrkfb1C4tE].webm,artist:imagine dragons->alternative | kw:demons+3->alternative
Imagine Dragons - Radioactive (Lyric Video) [w3viBe2Q0P8].webm,imagine dragons,radioactive,alternative,13,musicup/alternative/Imagine Dragons - Radioactive (Lyric Video) [w3viBe2Q0P8].webm,artist:imagine dragons->alternative | kw:radioactive+3->alternative
In the End [gB9P0kpc1O4].webm,Unknown,in the end,unsorted,0.0,musicup/unsorted/In the End [gB9P0kpc1O4].webm,no strong match
Independence Day [Gy4Asoj4o08].webm,Unknown,independence day,unsorted,0.0,musicup/unsorted/Independence Day [Gy4Asoj4o08].webm,no strong match
Indian Outlaw [iKHbAP45X2U].webm,Unknown,indian outlaw,unsorted,0.0,musicup/unsorted/Indian Outlaw [iKHbAP45X2U].webm,no strong match
It's A Little Too Late (1996 Greatest Hits Version) [JD5w6PYr_lM].webm,Unknown,it's a little too late (1996 greatest hits version),unsorted,0.0,musicup/unsorted/It's A Little Too Late (1996 Greatest Hits Version) [JD5w6PYr_lM].webm,no strong match
Iyaz - Replay ｜ Lyrics [GqYj_f9gVqM].webm,iyaz,replay | lyrics,hiphop,9.0,musicup/hiphop/Iyaz - Replay ｜ Lyrics [GqYj_f9gVqM].webm,artist:iyaz->hiphop | kw:lyrics+1->pop
Jamey Johnson - In Color (Official Video) [EYGwxf1gCC4].webm,jamey johnson,in color,unsorted,0.0,musicup/unsorted/Jamey Johnson - In Color (Official Video) [EYGwxf1gCC4].webm,no strong match
Jason Aldean - You're The Love I Wanna Be In (Official Audio) [f2s6iSirZgM].webm,jason aldean,you're the love i wanna be in,country,10,musicup/country/Jason Aldean - You're The Love I Wanna Be In (Official Audio) [f2s6iSirZgM].webm,artist:jason aldean->country
Jo Dee Messina - Bye Bye (Official Music Video) [iVoKkdVNSvo].webm,jo dee messina,bye bye,unsorted,0.0,musicup/unsorted/Jo Dee Messina - Bye Bye (Official Music Video) [iVoKkdVNSvo].webm,no strong match
Joe Diffie - Home [L6y7Aa9aSkM].webm,joe diffie,home,unsorted,0.0,musicup/unsorted/Joe Diffie - Home [L6y7Aa9aSkM].webm,no strong match
Joe Diffie - Pickup Man (Official Music Video) [9I51JXpcLwk].webm,joe diffie,pickup man,unsorted,0.0,musicup/unsorted/Joe Diffie - Pickup Man (Official Music Video) [9I51JXpcLwk].webm,no strong match
Joe Nichols - Tequila Makes Her Clothes Fall Off (Closed Captioned) [Nj2700em-JQ].webm,joe nichols,tequila makes her clothes fall off (closed captioned),unsorted,0.0,musicup/unsorted/Joe Nichols - Tequila Makes Her Clothes Fall Off (Closed Captioned) [Nj2700em-JQ].webm,no strong match
John Anderson - Straight Tequila Night (Official Video) [Y1AYz95sc9g].webm,john anderson,straight tequila night,unsorted,0.0,musicup/unsorted/John Anderson - Straight Tequila Night (Official Video) [Y1AYz95sc9g].webm,no strong match
John Deere Green [ObMtunAA7uo].webm,Unknown,john deere green,unsorted,0.0,musicup/unsorted/John Deere Green [ObMtunAA7uo].webm,no strong match
"John Denver - Take Me Home, Country Roads (Official Audio) [1vrEljMfXYo].webm",john denver,"take me home, country roads",country,16,"musicup/country/John Denver - Take Me Home, Country Roads (Official Audio) [1vrEljMfXYo].webm",artist:country roads->country | kw:country+6->country
John Michael Montgomery - Sold (The Grundy County Auction Incident) (Official Music Video) [U_VbwZsYPwY].webm,john michael montgomery,sold (the grundy county auction incident),unsorted,0.0,musicup/unsorted/John Michael Montgomery - Sold (The Grundy County Auction Incident) (Official Music Video) [U_VbwZsYPwY].webm,no strong match
Jon Pardi - Head Over Boots (Official Lyric Video) [7K0akU-Rdv8].webm,jon pardi,head over boots,unsorted,2,musicup/unsorted/Jon Pardi - Head Over Boots (Official Lyric Video) [7K0akU-Rdv8].webm,kw:boots+2->country
Jon Pardi - Heartache Medication (Official Audio) [drVWB05Ang8].webm,jon pardi,heartache medication,unsorted,0.0,musicup/unsorted/Jon Pardi - Heartache Medication (Official Audio) [drVWB05Ang8].webm,no strong match
Just To See You Smile [V7TolEcnKbs].webm,Unknown,just to see you smile,unsorted,0.0,musicup/unsorted/Just To See You Smile [V7TolEcnKbs].webm,no strong match
KALEO - Way Down We Go (Lyrics) [FjW-kpERj8s].webm,kaleo,way down we go,alternative,10,musicup/alternative/KALEO - Way Down We Go (Lyrics) [FjW-kpERj8s].webm,artist:kaleo->alternative
Katy Perry - Last Friday Night (T.G.I.F) [Lyrics] [cEin6Kix6xs].webm,katy perry,last friday night (t.g.i.f),pop,10,musicup/pop/Katy Perry - Last Friday Night (T.G.I.F) [Lyrics] [cEin6Kix6xs].webm,artist:katy perry->pop
Keith Whitley - When You Say Nothing at All (Official Video) [xNU7iIdw7Ss].webm,keith whitley,when you say nothing at all,unsorted,0.0,musicup/unsorted/Keith Whitley - When You Say Nothing at All (Official Video) [xNU7iIdw7Ss].webm,no strong match
Kenny Chesney - Anything But Mine (Official Video) [V6c8a90PWIM].webm,kenny chesney,anything but mine,country,10,musicup/country/Kenny Chesney - Anything But Mine (Official Video) [V6c8a90PWIM].webm,artist:kenny chesney->country
Kenny Chesney - Don't Happen Twice (Official Video) [ueQgSEN2m9I].webm,kenny chesney,don't happen twice,country,10,musicup/country/Kenny Chesney - Don't Happen Twice (Official Video) [ueQgSEN2m9I].webm,artist:kenny chesney->country
Kenny Chesney - How Forever Feels (Official Video) [iMeUY6pZ9aE].webm,kenny chesney,how forever feels,country,10,musicup/country/Kenny Chesney - How Forever Feels (Official Video) [iMeUY6pZ9aE].webm,artist:kenny chesney->country
Kenny Chesney - I Go Back (Official Video) [MdeSLxz5TTE].webm,kenny chesney,i go back,country,10,musicup/country/Kenny Chesney - I Go Back (Official Video) [MdeSLxz5TTE].webm,artist:kenny chesney->country
Kenny Chesney - Me And You (Official Video) [riuXdXAOArY].webm,kenny chesney,me and you,country,10,musicup/country/Kenny Chesney - Me And You (Official Video) [riuXdXAOArY].webm,artist:kenny chesney->country
Kenny Chesney - She Thinks My Tractor's Sexy (Official Video) [uWu4aynBK7E].webm,kenny chesney,she thinks my tractor's sexy,country,10,musicup/country/Kenny Chesney - She Thinks My Tractor's Sexy (Official Video) [uWu4aynBK7E].webm,artist:kenny chesney->country
Kenny Chesney - She's Got It All (Official Video) [vBq0HPOGdvQ].webm,kenny chesney,she's got it all,country,10,musicup/country/Kenny Chesney - She's Got It All (Official Video) [vBq0HPOGdvQ].webm,artist:kenny chesney->country
Kenny Chesney - The Good Stuff (Official Video) [lYQZJ9NUzYU].webm,kenny chesney,the good stuff,country,10,musicup/country/Kenny Chesney - The Good Stuff (Official Video) [lYQZJ9NUzYU].webm,artist:kenny chesney->country
Killin' Time [0tmjc-d6nB8].webm,Unknown,killin' time,unsorted,0.0,musicup/unsorted/Killin' Time [0tmjc-d6nB8].webm,no strong match
Kings of Leon - Use Somebody(HQ) [dfboIlgQiQQ].webm,kings of leon,use somebody,rock,14,musicup/rock/Kings of Leon - Use Somebody(HQ) [dfboIlgQiQQ].webm,artist:kings of leon->rock | kw:use somebody+4->rock
Kiss This [HXSYAPmm7cg].webm,Unknown,kiss this,unsorted,0.0,musicup/unsorted/Kiss This [HXSYAPmm7cg].webm,no strong match
Lewis Capaldi - Bruises (Official Audio) [84znrPmOePc].webm,lewis capaldi,bruises,pop,10,musicup/pop/Lewis Capaldi - Bruises (Official Audio) [84znrPmOePc].webm,artist:lewis capaldi->pop
Life's a Dance (2011 Remaster) [tobZQfbtqGE].webm,Unknown,life's a dance (2011 remaster),unsorted,0.0,musicup/unsorted/Life's a Dance (2011 Remaster) [tobZQfbtqGE].webm,no strong match
Limp Bizkit - Behind Blue Eyes (Audio) [nm_YQ1tx4Yw].webm,limp bizkit,behind blue eyes,rock,14,musicup/rock/Limp Bizkit - Behind Blue Eyes (Audio) [nm_YQ1tx4Yw].webm,artist:limp bizkit->rock | kw:behind blue eyes+4->rock
Little Rock [lWBXVKwQscQ].webm,Unknown,little rock,unsorted,0.0,musicup/unsorted/Little Rock [lWBXVKwQscQ].webm,no strong match
Livin' On Love [WngPjii_O20].webm,Unknown,livin' on love,unsorted,0.0,musicup/unsorted/Livin' On Love [WngPjii_O20].webm,no strong match
Lonesome Drinkers [zP4-enQKm6c].webm,Unknown,lonesome drinkers,unsorted,0.0,musicup/unsorted/Lonesome Drinkers [zP4-enQKm6c].webm,no strong match
Lookin' for Love [8mxIHL6d-RM].webm,Unknown,lookin' for love,unsorted,0.0,musicup/unsorted/Lookin' for Love [8mxIHL6d-RM].webm,no strong match
Lost In The Fifties Tonight (In The Still Of The Night) [Lug241HECWU].webm,Unknown,lost in the fifties tonight (in the still of the night),unsorted,0.0,musicup/unsorted/Lost In The Fifties Tonight (In The Still Of The Night) [Lug241HECWU].webm,no strong match
"Love Without End, Amen [7177-GCCA38].webm",Unknown,"love without end, amen",unsorted,0.0,"musicup/unsorted/Love Without End, Amen [7177-GCCA38].webm",no strong match
Luke Combs - When It Rains It Pours (Lyric Video) [eXQNv_jkOQc].webm,luke combs,when it rains it pours,country,10,musicup/country/Luke Combs - When It Rains It Pours (Lyric Video) [eXQNv_jkOQc].webm,artist:luke combs->country
MACKLEMORE & RYAN LEWIS - CAN'T HOLD US FEAT. RAY DALTON (OFFICIAL MUSIC VIDEO) [2zNSgSzhBfM].webm,macklemore & ryan lewis,can't hold us feat. ray dalton,hiphop,15,musicup/hiphop/MACKLEMORE & RYAN LEWIS - CAN'T HOLD US FEAT. RAY DALTON (OFFICIAL MUSIC VIDEO) [2zNSgSzhBfM].webm,artist:macklemore->hiphop | kw:feat.+1->hiphop | kw:can't hold us+4->hiphop
Mammas Don't Let Your Babies Grow up to Be Cowboys (Official Audio) [Ufjv0SRZ-IY].webm,Unknown,mammas don't let your babies grow up to be cowboys,unsorted,2,musicup/unsorted/Mammas Don't Let Your Babies Grow up to Be Cowboys (Official Audio) [Ufjv0SRZ-IY].webm,kw:cowboy+2->country
Maroon 5 - Daylight (Audio) HD [YUSZe_UB7wc].webm,maroon 5,daylight hd,pop,12.8,musicup/pop/Maroon 5 - Daylight (Audio) HD [YUSZe_UB7wc].webm,artist:maroon 5->pop | kw:daylight+3->pop
Maroon 5 - Payphone ft. Wiz Khalifa (Lyric Video) [5FlQSQuv_mg].webm,maroon 5,payphone ft. wiz khalifa,pop,9,musicup/pop/Maroon 5 - Payphone ft. Wiz Khalifa (Lyric Video) [5FlQSQuv_mg].webm,artist:maroon 5->pop | kw:ft.+1->hiphop
Marshmello ft. Bastille - Happier (Official Lyric Video) [RE87rQkXdNw].webm,marshmello ft. bastille,happier,electronic,11,musicup/electronic/Marshmello ft. Bastille - Happier (Official Lyric Video) [RE87rQkXdNw].webm,artist:marshmello->electronic | kw:ft.+1->hiphop | kw:happier+2->electronic
Mike Posner - I Took A Pill In Ibiza (SeeB Remix) [u3VFzuUiTGw].webm,mike posner,i took a pill in ibiza (seeb remix),electronic,14,musicup/electronic/Mike Posner - I Took A Pill In Ibiza (SeeB Remix) [u3VFzuUiTGw].webm,artist:seeb->electronic | kw:remix+4->electronic
Miley Cyrus - Party In The U.S.A  (Audio) [-AJVcPpGuig].webm,miley cyrus,party in the u.s.a,pop,14,musicup/pop/Miley Cyrus - Party In The U.S.A  (Audio) [-AJVcPpGuig].webm,artist:miley cyrus->pop | kw:party in the u.s.a+4->pop
Morgan Wallen - Cover Me Up (Audio Only) [1RnChOf8RTs].webm,morgan wallen,cover me up,country,10,musicup/country/Morgan Wallen - Cover Me Up (Audio Only) [1RnChOf8RTs].webm,artist:morgan wallen->country
Morgan Wallen - Everything I Love (Audio Only) [Q8RUBHlK4-A].webm,morgan wallen,everything i love,country,10,musicup/country/Morgan Wallen - Everything I Love (Audio Only) [Q8RUBHlK4-A].webm,artist:morgan wallen->country
Morgan Wallen – Sand In My Boots (Audio Only) [ICWZfdZ5XI4].webm,morgan wallen,sand in my boots,country,12,musicup/country/Morgan Wallen – Sand In My Boots (Audio Only) [ICWZfdZ5XI4].webm,artist:morgan wallen->country | kw:boots+2->country
Mountain Music [9GGQ2zId8JA].webm,Unknown,mountain music,unsorted,0.0,musicup/unsorted/Mountain Music [9GGQ2zId8JA].webm,no strong match
Mr. Brightside HQ (The Killers) [pvIJyRkS9y0].webm,Unknown,mr. brightside hq (the killers),rock,9.8,musicup/rock/Mr. Brightside HQ (The Killers) [pvIJyRkS9y0].webm,artist:the killers->rock
Mud On the Tires [o23r5MBetyE].webm,Unknown,mud on the tires,unsorted,0.0,musicup/unsorted/Mud On the Tires [o23r5MBetyE].webm,no strong match
My Baby Loves Me [N5VYAIJ4cgc].webm,Unknown,my baby loves me,unsorted,0.0,musicup/unsorted/My Baby Loves Me [N5VYAIJ4cgc].webm,no strong match
My List - Toby Keith [EK8sfGo8YNQ].webm,my list,toby keith,unsorted,0.0,musicup/unsorted/My List - Toby Keith [EK8sfGo8YNQ].webm,no strong match
My Maria [gPoICeX33vY].webm,Unknown,my maria,unsorted,0.0,musicup/unsorted/My Maria [gPoICeX33vY].webm,no strong match
Myles Smith - Stargazing (Audio) [8Q8Y-siLzjg].webm,myles smith,stargazing,pop,10,musicup/pop/Myles Smith - Stargazing (Audio) [8Q8Y-siLzjg].webm,artist:myles smith->pop
Nelly - Just A Dream (Official Music Video) [N6O2ncUKvlg].webm,nelly,just a dream,hiphop,14,musicup/hiphop/Nelly - Just A Dream (Official Music Video) [N6O2ncUKvlg].webm,artist:nelly->hiphop | kw:just a dream+4->hiphop
Never Wanted Nothing More [5VnOSO1J22M].webm,Unknown,never wanted nothing more,unsorted,0.0,musicup/unsorted/Never Wanted Nothing More [5VnOSO1J22M].webm,no strong match
"Next To You, Next To Me [42kyMCG-Xlc].webm",Unknown,"next to you, next to me",unsorted,0.0,"musicup/unsorted/Next To You, Next To Me [42kyMCG-Xlc].webm",no strong match
Nitty Gritty Dirt Band - Fishin' In The Dark (Official Audio) [jBRfkxUAyOk].webm,nitty gritty dirt band,fishin' in the dark,unsorted,0.0,musicup/unsorted/Nitty Gritty Dirt Band - Fishin' In The Dark (Official Audio) [jBRfkxUAyOk].webm,no strong match
No One Needs To Know [qk9xX85Jhnk].webm,Unknown,no one needs to know,unsorted,0.0,musicup/unsorted/No One Needs To Know [qk9xX85Jhnk].webm,no strong match
Nothing On But The Radio [PNyEwbsYbXE].webm,Unknown,nothing on but the radio,unsorted,0.0,musicup/unsorted/Nothing On But The Radio [PNyEwbsYbXE].webm,no strong match
Ocean Front Property [g_1XvV3usfc].webm,Unknown,ocean front property,unsorted,0.0,musicup/unsorted/Ocean Front Property [g_1XvV3usfc].webm,no strong match
Of Monsters and Men - Little Talks (Official Lyric Video) [IY8rOSyR5Rw].webm,of monsters and men,little talks,alternative,13,musicup/alternative/Of Monsters and Men - Little Talks (Official Lyric Video) [IY8rOSyR5Rw].webm,artist:of monsters and men->alternative | kw:little talks+3->alternative
One More Light (Official Audio) - Linkin Park [3kaUvGSLMew].webm,one more light,linkin park,rock,10,musicup/rock/One More Light (Official Audio) - Linkin Park [3kaUvGSLMew].webm,artist:linkin park->rock
OneRepublic - Counting Stars [hT_nvWreIhg].webm,onerepublic,counting stars,pop,13,musicup/pop/OneRepublic - Counting Stars [hT_nvWreIhg].webm,artist:onerepublic->pop | kw:counting stars+3->pop
OneRepublic - I Lived (Audio) [pKt3o7WPYdo].webm,onerepublic,i lived,pop,13,musicup/pop/OneRepublic - I Lived (Audio) [pKt3o7WPYdo].webm,artist:onerepublic->pop | kw:i lived+3->pop
OneRepublic - Secrets (Official Music Video) [qHm9MG9xw1o].webm,onerepublic,secrets,pop,13,musicup/pop/OneRepublic - Secrets (Official Music Video) [qHm9MG9xw1o].webm,artist:onerepublic->pop | kw:secrets+3->pop
Owl City - Fireflies (HQ) [qSsAEZa_fb0].webm,owl city,fireflies,pop,10,musicup/pop/Owl City - Fireflies (HQ) [qSsAEZa_fb0].webm,artist:owl city->pop
Pam Tillis - Maybe It Was Memphis [egvraT1oBH0].webm,pam tillis,maybe it was memphis,unsorted,0.0,musicup/unsorted/Pam Tillis - Maybe It Was Memphis [egvraT1oBH0].webm,no strong match
Parker McCollum - Handle On You (Official Audio) [FKIlve29-_U].webm,parker mccollum,handle on you,unsorted,0.0,musicup/unsorted/Parker McCollum - Handle On You (Official Audio) [FKIlve29-_U].webm,no strong match
Patty Loveless - I Try To Think About Elvis [Hx0kPNEIY1M].webm,patty loveless,i try to think about elvis,unsorted,0.0,musicup/unsorted/Patty Loveless - I Try To Think About Elvis [Hx0kPNEIY1M].webm,no strong match
Phil Collins - In The Air Tonight - 2015 Remastered audio HD [rvUjjtZ_opk].webm,phil collins,in the air tonight - 2015 remastered audio hd,rock,14.6,musicup/rock/Phil Collins - In The Air Tonight - 2015 Remastered audio HD [rvUjjtZ_opk].webm,artist:phil collins->rock | kw:remastered+1->rock | kw:in the air tonight+4->rock
"Phillip Phillips - Gone, Gone, Gone [oozQ4yV__Vw].webm",phillip phillips,"gone, gone, gone",pop,10,"musicup/pop/Phillip Phillips - Gone, Gone, Gone [oozQ4yV__Vw].webm",artist:phillip phillips->pop
Pitbull - Feel This Moment (Official Video) ft. Christina Aguilera [5jlI4uzZGjU].webm,pitbull,feel this moment ft. christina aguilera,pop,9,musicup/pop/Pitbull - Feel This Moment (Official Video) ft. Christina Aguilera [5jlI4uzZGjU].webm,artist:pitbull->pop | kw:ft.+1->hiphop
"Pitbull - Give Me Everything ft. Ne-Yo, Afrojack, Nayer [EPo5wWmKEaI].webm",pitbull,"give me everything ft. ne-yo, afrojack, nayer",pop,9,"musicup/pop/Pitbull - Give Me Everything ft. Ne-Yo, Afrojack, Nayer [EPo5wWmKEaI].webm",artist:pitbull->pop | kw:ft.+1->hiphop
"Pitbull, Ke$ha - Timber (featuring Ke$ha - Official Audio) [zHESy8XsJPs].webm","pitbull, ke$ha",timber (featuring ke$ha - official audio),pop,10.6,"musicup/pop/Pitbull, Ke$ha - Timber (featuring Ke$ha - Official Audio) [zHESy8XsJPs].webm",artist:pitbull->pop | kw:official audio+1->pop
"Pitbull, Ne-Yo - Time Of Our Lives (Audio) [TheUtUU3miE].webm","pitbull, ne-yo",time of our lives,pop,10,"musicup/pop/Pitbull, Ne-Yo - Time Of Our Lives (Audio) [TheUtUU3miE].webm",artist:pitbull->pop
Prop Me Up Beside the Jukebox (If I Die) [w3jJFaR-ckU].webm,Unknown,prop me up beside the jukebox (if i die),unsorted,0.0,musicup/unsorted/Prop Me Up Beside the Jukebox (If I Die) [w3jJFaR-ckU].webm,no strong match
Randy Travis - 1982 (2021 Remaster) [EpPm-I6S_4Y].webm,randy travis,1982 (2021 remaster),unsorted,0.0,musicup/unsorted/Randy Travis - 1982 (2021 Remaster) [EpPm-I6S_4Y].webm,no strong match
Randy Travis - Diggin' Up Bones (Official Audio) [6JVIUaqC0gM].webm,randy travis,diggin' up bones,unsorted,0.0,musicup/unsorted/Randy Travis - Diggin' Up Bones (Official Audio) [6JVIUaqC0gM].webm,no strong match
"Randy Travis - Forever and Ever, Amen (Official Audio) [KtKXc_v2iLE].webm",randy travis,"forever and ever, amen",unsorted,0.0,"musicup/unsorted/Randy Travis - Forever and Ever, Amen (Official Audio) [KtKXc_v2iLE].webm",no strong match
Randy Travis - I Told You So (Official Audio) [woBfHRub5jo].webm,randy travis,i told you so,unsorted,0.0,musicup/unsorted/Randy Travis - I Told You So (Official Audio) [woBfHRub5jo].webm,no strong match
Randy Travis - If I Didn't Have You (Official Music Video) [_LivzZkV2F8].webm,randy travis,if i didn't have you,unsorted,0.0,musicup/unsorted/Randy Travis - If I Didn't Have You (Official Music Video) [_LivzZkV2F8].webm,no strong match
Randy Travis - On The Other Hand (Official Audio) [pJgV-TGkFeU].webm,randy travis,on the other hand,unsorted,0.0,musicup/unsorted/Randy Travis - On The Other Hand (Official Audio) [pJgV-TGkFeU].webm,no strong match
Reba McEntire - Fancy (Official Audio) [FUN0U80hELo].webm,reba mcentire,fancy,unsorted,0.0,musicup/unsorted/Reba McEntire - Fancy (Official Audio) [FUN0U80hELo].webm,no strong match
Red Hot Chili Peppers - Scar Tissue (Highest Quality) [h9YyazDg9YM].webm,red hot chili peppers,scar tissue (highest quality),rock,10,musicup/rock/Red Hot Chili Peppers - Scar Tissue (Highest Quality) [h9YyazDg9YM].webm,artist:red hot chili peppers->rock
Red Hot Chili Peppers - Under The Bridge - Remastered [N7ZyzCNeFKY].webm,red hot chili peppers,under the bridge - remastered,rock,15,musicup/rock/Red Hot Chili Peppers - Under The Bridge - Remastered [N7ZyzCNeFKY].webm,artist:red hot chili peppers->rock | kw:remastered+1->rock | kw:under the bridge+4->rock
Red Ragtop [Vk5Qj68YKCs].webm,Unknown,red ragtop,unsorted,0.0,musicup/unsorted/Red Ragtop [Vk5Qj68YKCs].webm,no strong match
Ricochet - Daddy's Money [TVIBN_OSRRQ].webm,ricochet,daddy's money,unsorted,0.0,musicup/unsorted/Ricochet - Daddy's Money [TVIBN_OSRRQ].webm,no strong match
Riptide- Vance Joy [Y6TFSTHUxi0].webm,Unknown,riptide- vance joy,unsorted,0.0,musicup/unsorted/Riptide- Vance Joy [Y6TFSTHUxi0].webm,no strong match
Rock My World (Little Country Girl) [os6kSyTymDQ].webm,Unknown,rock my world (little country girl),country,6,musicup/country/Rock My World (Little Country Girl) [os6kSyTymDQ].webm,kw:country+6->country
Rockin' With The Rhythm Of The Rain [NBn7HUZtpLA].webm,Unknown,rockin' with the rhythm of the rain,unsorted,0.0,musicup/unsorted/Rockin' With The Rhythm Of The Rain [NBn7HUZtpLA].webm,no strong match
Rodney Atkins - Farmer's Daughter [k4Ys8sSXXgo].m4a,rodney atkins,farmer's daughter,unsorted,0.0,musicup/unsorted/Rodney Atkins - Farmer's Daughter [k4Ys8sSXXgo].m4a,no strong match
Roll With It [lQQLaseCaxQ].webm,Unknown,roll with it,unsorted,0.0,musicup/unsorted/Roll With It [lQQLaseCaxQ].webm,no strong match
Ronnie Milsap - (There's) No Gettin' Over Me (Official Audio) [8bDcSjW7H-o].webm,ronnie milsap,(there's) no gettin' over me,unsorted,0.0,musicup/unsorted/Ronnie Milsap - (There's) No Gettin' Over Me (Official Audio) [8bDcSjW7H-o].webm,no strong match
Ronnie Milsap - A Woman In Love (Official Audio) [-ni0-vNiAsM].webm,ronnie milsap,a woman in love,unsorted,0.0,musicup/unsorted/Ronnie Milsap - A Woman In Love (Official Audio) [-ni0-vNiAsM].webm,no strong match
Ronnie Milsap - Any Day Now (Official Audio) [WfzOTtwGi5M].webm,ronnie milsap,any day now,unsorted,0.0,musicup/unsorted/Ronnie Milsap - Any Day Now (Official Audio) [WfzOTtwGi5M].webm,no strong match
Ronnie Milsap - He Got You (Official Audio) [iGAKs_7UsgM].webm,ronnie milsap,he got you,unsorted,0.0,musicup/unsorted/Ronnie Milsap - He Got You (Official Audio) [iGAKs_7UsgM].webm,no strong match
Sam Smith - I'm Not The Only One (Lyric Video) [mzQ8eepcJGQ].webm,sam smith,i'm not the only one,pop,10,musicup/pop/Sam Smith - I'm Not The Only One (Lyric Video) [mzQ8eepcJGQ].webm,artist:sam smith->pop
Sara Evans - A Real Fine Place To Start (Official Video) [IrdCBkXB91I].webm,sara evans,a real fine place to start,unsorted,0.0,musicup/unsorted/Sara Evans - A Real Fine Place To Start (Official Video) [IrdCBkXB91I].webm,no strong match
Sara Evans - Suds in the Bucket (Official Audio) [cJl0r-4ZR50].webm,sara evans,suds in the bucket,unsorted,0.0,musicup/unsorted/Sara Evans - Suds in the Bucket (Official Audio) [cJl0r-4ZR50].webm,no strong match
Shania Twain - Any Man of Mine [xKhmEg43g4U].webm,shania twain,any man of mine,unsorted,0.0,musicup/unsorted/Shania Twain - Any Man of Mine [xKhmEg43g4U].webm,no strong match
"Shania Twain - Honey, I'm Home (Audio) [v03geslz0sY].webm",shania twain,"honey, i'm home",unsorted,0.0,"musicup/unsorted/Shania Twain - Honey, I'm Home (Audio) [v03geslz0sY].webm",no strong match
Shania Twain - Whose Bed Have Your Boots Been Under [KVwmA6NDrSQ].webm,shania twain,whose bed have your boots been under,unsorted,2,musicup/unsorted/Shania Twain - Whose Bed Have Your Boots Been Under [KVwmA6NDrSQ].webm,kw:boots+2->country
She Don't Know She's Beautiful [ZHvLtsANqvU].webm,Unknown,she don't know she's beautiful,unsorted,0.0,musicup/unsorted/She Don't Know She's Beautiful [ZHvLtsANqvU].webm,no strong match
She'll Leave You With A Smile (2001 Version) [ZnwVh8ibPYU].webm,Unknown,she'll leave you with a smile (2001 version),unsorted,0.0,musicup/unsorted/She'll Leave You With A Smile (2001 Version) [ZnwVh8ibPYU].webm,no strong match
She's In Love With The Boy [B5BpEkTbDCg].webm,Unknown,she's in love with the boy,unsorted,0.0,musicup/unsorted/She's In Love With The Boy [B5BpEkTbDCg].webm,no strong match
Should've Been a Cowboy - Toby Keith [U3TdI1ww29k].webm,should've been a cowboy,toby keith,unsorted,2,musicup/unsorted/Should've Been a Cowboy - Toby Keith [U3TdI1ww29k].webm,kw:cowboy+2->country
Slow Hand [B73k8VMnEDE].webm,Unknown,slow hand,hiphop,3,musicup/hiphop/Slow Hand [B73k8VMnEDE].webm,kw:low+3->hiphop
Small Town Saturday Night [ekW_gV75wN4].webm,Unknown,small town saturday night,unsorted,2,musicup/unsorted/Small Town Saturday Night [ekW_gV75wN4].webm,kw:small town+2->country
Small Town Southern Man [bsI6Sa4lzLo].webm,Unknown,small town southern man,unsorted,2,musicup/unsorted/Small Town Southern Man [bsI6Sa4lzLo].webm,kw:small town+2->country
Smoky Mountain Rain [XqM81OrUc1o].webm,Unknown,smoky mountain rain,unsorted,0.0,musicup/unsorted/Smoky Mountain Rain [XqM81OrUc1o].webm,no strong match
Snow Patrol - Chasing Cars (Album Version) [n8NIHnkZkeE].webm,snow patrol,chasing cars (album version),alternative,10,musicup/alternative/Snow Patrol - Chasing Cars (Album Version) [n8NIHnkZkeE].webm,artist:snow patrol->alternative
Some Girls Do [pFDWY7LFpP0].webm,Unknown,some girls do,unsorted,0.0,musicup/unsorted/Some Girls Do [pFDWY7LFpP0].webm,no strong match
Some Nights [QxTBtHsh408].webm,Unknown,some nights,alternative,3,musicup/alternative/Some Nights [QxTBtHsh408].webm,kw:some nights+3->alternative
Something to Be Proud Of – Montgomery Gentry [2NHT_CiczDc].webm,something to be proud of,montgomery gentry,unsorted,0.0,musicup/unsorted/Something to Be Proud Of – Montgomery Gentry [2NHT_CiczDc].webm,no strong match
Somewhere Only We Know (Remastered 2024) [xFGE8BuOn0g].webm,Unknown,somewhere only we know (remastered 2024),unsorted,1,musicup/unsorted/Somewhere Only We Know (Remastered 2024) [xFGE8BuOn0g].webm,kw:remastered+1->rock
Streets of Bakersfield [pkHPoRR8moY].webm,Unknown,streets of bakersfield,unsorted,0.0,musicup/unsorted/Streets of Bakersfield [pkHPoRR8moY].webm,no strong match
Summertime Blues [mr3E8d0CU0U].webm,Unknown,summertime blues,unsorted,0.0,musicup/unsorted/Summertime Blues [mr3E8d0CU0U].webm,no strong match
Taio Cruz - Dynamite (Audio) [2JUNnKmZhqA].webm,taio cruz,dynamite,pop,10,musicup/pop/Taio Cruz - Dynamite (Audio) [2JUNnKmZhqA].webm,artist:taio cruz->pop
Take It Easy (2006 Remaster) [fazzYvpjhq0].webm,Unknown,take it easy (2006 remaster),unsorted,0.0,musicup/unsorted/Take It Easy (2006 Remaster) [fazzYvpjhq0].webm,no strong match
Ten Rounds with Jose Cuervo (Recall Mix) [WpNMrKrGRpU].webm,Unknown,ten rounds with jose cuervo (recall mix),unsorted,0.0,musicup/unsorted/Ten Rounds with Jose Cuervo (Recall Mix) [WpNMrKrGRpU].webm,no strong match
That Ain't No Way To Go [W7jyzjX4Jj8].webm,Unknown,that ain't no way to go,unsorted,0.0,musicup/unsorted/That Ain't No Way To Go [W7jyzjX4Jj8].webm,no strong match
That Summer [0hkWJKb3VFI].webm,Unknown,that summer,unsorted,0.0,musicup/unsorted/That Summer [0hkWJKb3VFI].webm,no strong match
That's My Job [U1hPcGaBXJI].webm,Unknown,that's my job,unsorted,0.0,musicup/unsorted/That's My Job [U1hPcGaBXJI].webm,no strong match
That's What I Love About Sunday [0dgeaVQvR0c].webm,Unknown,that's what i love about sunday,unsorted,0.0,musicup/unsorted/That's What I Love About Sunday [0dgeaVQvR0c].webm,no strong match
The Black Eyed Peas - Just Can't Get Enough [MUCo7vM-FCk].webm,the black eyed peas,just can't get enough,unsorted,0.0,musicup/unsorted/The Black Eyed Peas - Just Can't Get Enough [MUCo7vM-FCk].webm,no strong match
The Chainsmokers & Coldplay - Something Just Like This (Official Lyric Video) [FM7MFYoylVs].webm,the chainsmokers & coldplay,something just like this,electronic,2,musicup/electronic/The Chainsmokers & Coldplay - Something Just Like This (Official Lyric Video) [FM7MFYoylVs].webm,artist:coldplay->alternative | artist:the chainsmokers->electronic | kw:something just like this+2->electronic
The Chainsmokers - Closer (feat. Halsey) [Official Audio] [5XggbNWy3NA].webm,the chainsmokers,closer (feat. halsey),electronic,11,musicup/electronic/The Chainsmokers - Closer (feat. Halsey) [Official Audio] [5XggbNWy3NA].webm,artist:the chainsmokers->electronic | kw:feat.+1->hiphop | kw:closer+2->electronic
The Chainsmokers - Don't Let Me Down (Audio) ft. Daya [qMH0Xglh7GA].webm,the chainsmokers,don't let me down ft. daya,electronic,9,musicup/electronic/The Chainsmokers - Don't Let Me Down (Audio) ft. Daya [qMH0Xglh7GA].webm,artist:the chainsmokers->electronic | kw:ft.+1->hiphop
The Closer You Get [E_nCFiFXVq0].webm,Unknown,the closer you get,unsorted,2,musicup/unsorted/The Closer You Get [E_nCFiFXVq0].webm,kw:closer+2->electronic
The Fireman [b6ZnjrvRu6Y].webm,Unknown,the fireman,unsorted,0.0,musicup/unsorted/The Fireman [b6ZnjrvRu6Y].webm,no strong match
The Judds - Grandpa (Tell Me ‘Bout The Good Old Days) [Official Music Video] [cmzd_Xa_2Cc].webm,the judds,grandpa (tell me ‘bout the good old days),unsorted,0.0,musicup/unsorted/The Judds - Grandpa (Tell Me ‘Bout The Good Old Days) [Official Music Video] [cmzd_Xa_2Cc].webm,no strong match
The Judds - Mama He's Crazy (Official Music Video) [zfF0aosgOr0].webm,the judds,mama he's crazy,unsorted,0.0,musicup/unsorted/The Judds - Mama He's Crazy (Official Music Video) [zfF0aosgOr0].webm,no strong match
The Night The Lights Went Out In Georgia [5FV8sHNUTAI].webm,Unknown,the night the lights went out in georgia,unsorted,0.0,musicup/unsorted/The Night The Lights Went Out In Georgia [5FV8sHNUTAI].webm,no strong match
The Race Is On - Sawyer Brown [Audio] [OQbtbNgrJto].webm,the race is on,sawyer brown,unsorted,0.0,musicup/unsorted/The Race Is On - Sawyer Brown [Audio] [OQbtbNgrJto].webm,no strong match
The Script - Breakeven (Official Audio) [U1ZN84MqLyI].webm,the script,breakeven,unsorted,0.0,musicup/unsorted/The Script - Breakeven (Official Audio) [U1ZN84MqLyI].webm,no strong match
The Script - Hall of Fame (Official Video) ft. will.i.am [mk48xRzuNvA].webm,the script,hall of fame ft. will.i.am,unsorted,1,musicup/unsorted/The Script - Hall of Fame (Official Video) ft. will.i.am [mk48xRzuNvA].webm,kw:ft.+1->hiphop
There's A Girl In Texas [3T_nu3ax0sM].webm,Unknown,there's a girl in texas,unsorted,0.0,musicup/unsorted/There's A Girl In Texas [3T_nu3ax0sM].webm,no strong match
Tim McGraw - Not A Moment Too Soon (Official Music Video) [9QnTQ1IDmuw].webm,tim mcgraw,not a moment too soon,country,10,musicup/country/Tim McGraw - Not A Moment Too Soon (Official Music Video) [9QnTQ1IDmuw].webm,artist:tim mcgraw->country
Timbaland - Apologize ft. OneRepublic [ZSM3w1v-A_Y].webm,timbaland,apologize ft. onerepublic,unsorted,1,musicup/unsorted/Timbaland - Apologize ft. OneRepublic [ZSM3w1v-A_Y].webm,artist:onerepublic->pop | artist:timbaland->hiphop | kw:ft.+1->hiphop
Toby Keith - A Little Less Talk And A Lot More Action [XI7YzUKE_wI].webm,toby keith,a little less talk and a lot more action,unsorted,0.0,musicup/unsorted/Toby Keith - A Little Less Talk And A Lot More Action [XI7YzUKE_wI].webm,no strong match
Toby Keith - Does That Blue Moon Ever Shine On You [vaqfgSWQOT0].webm,toby keith,does that blue moon ever shine on you,unsorted,0.0,musicup/unsorted/Toby Keith - Does That Blue Moon Ever Shine On You [vaqfgSWQOT0].webm,no strong match
Toby Keith - Wish I Didn't Know Now (Official Music Video) [FeBGuLK5Pgc].webm,toby keith,wish i didn't know now,unsorted,0.0,musicup/unsorted/Toby Keith - Wish I Didn't Know Now (Official Music Video) [FeBGuLK5Pgc].webm,no strong match
Tracy Byrd - Watermelon Crawl [BFPdX2TFiIE].webm,tracy byrd,watermelon crawl,unsorted,0.0,musicup/unsorted/Tracy Byrd - Watermelon Crawl [BFPdX2TFiIE].webm,no strong match
Train - Drops of Jupiter (from Drops of Jupiter - 20th Anniversary Edition) [pXYc_9tToio].webm,train,drops of jupiter (from drops of jupiter - 20th anniversary edition),unsorted,0.0,musicup/unsorted/Train - Drops of Jupiter (from Drops of Jupiter - 20th Anniversary Edition) [pXYc_9tToio].webm,no strong match
Travis Tritt - Here's A Quarter (Call Someone Who Cares) (Official Music Video) [29ebiwO4O70].webm,travis tritt,here's a quarter (call someone who cares),unsorted,0.0,musicup/unsorted/Travis Tritt - Here's A Quarter (Call Someone Who Cares) (Official Music Video) [29ebiwO4O70].webm,no strong match
"Travis Tritt, ＂It's a Great Day to be Alive＂ [d4tSE2w53ts].webm",Unknown,"travis tritt, ""it's a great day to be alive""",unsorted,0.0,"musicup/unsorted/Travis Tritt, ＂It's a Great Day to be Alive＂ [d4tSE2w53ts].webm",no strong match
twenty one pilots - Ride (Official Video) [Pw-0pbY9JeU].webm,twenty one pilots,ride,alternative,13,musicup/alternative/twenty one pilots - Ride (Official Video) [Pw-0pbY9JeU].webm,artist:twenty one pilots->alternative | kw:ride+3->alternative
Two Dozen Roses [Hf6NzwhwUAA].webm,Unknown,two dozen roses,unsorted,0.0,musicup/unsorted/Two Dozen Roses [Hf6NzwhwUAA].webm,no strong match
Usher - DJ Got Us Fallin' In Love (Audio) ft. Pitbull [7YoLujv09cw].webm,usher,dj got us fallin' in love ft. pitbull,pop,6,musicup/pop/Usher - DJ Got Us Fallin' In Love (Audio) ft. Pitbull [7YoLujv09cw].webm,artist:pitbull->pop | kw:ft.+1->hiphop | kw:dj got us fallin' in love+3->hiphop
Vince Gill - Don't Let Our Love Start Slippin' Away [JlUGTof2TWU].webm,vince gill,don't let our love start slippin' away,unsorted,0.0,musicup/unsorted/Vince Gill - Don't Let Our Love Start Slippin' Away [JlUGTof2TWU].webm,no strong match
Vince Gill - One More Last Chance [aGfgIQfpbWI].webm,vince gill,one more last chance,unsorted,0.0,musicup/unsorted/Vince Gill - One More Last Chance [aGfgIQfpbWI].webm,no strong match
WALK THE MOON - Shut Up and Dance (Audio) [nbcCG7PkI18].webm,walk the moon,shut up and dance,alternative,10,musicup/alternative/WALK THE MOON - Shut Up and Dance (Audio) [nbcCG7PkI18].webm,artist:walk the moon->alternative
We Danced [ogLs8LvLKbA].webm,Unknown,we danced,unsorted,0.0,musicup/unsorted/We Danced [ogLs8LvLKbA].webm,no strong match
Welcome to the Black Parade [G-I9csAflBs].webm,Unknown,welcome to the black parade,rock,13,musicup/rock/Welcome to the Black Parade [G-I9csAflBs].webm,kw:black parade+5->rock | kw:welcome to the black parade+8->rock
Where The Green Grass Grows [hU0nP9dcI_w].webm,Unknown,where the green grass grows,unsorted,0.0,musicup/unsorted/Where The Green Grass Grows [hU0nP9dcI_w].webm,no strong match
Who's That Man (Radio Edit) [Jo_92V4Kt2s].webm,Unknown,who's that man (radio edit),unsorted,0.0,musicup/unsorted/Who's That Man (Radio Edit) [Jo_92V4Kt2s].webm,no strong match
Why Didn't I Think of That [UkWdGUGh8nQ].webm,Unknown,why didn't i think of that,unsorted,0.0,musicup/unsorted/Why Didn't I Think of That [UkWdGUGh8nQ].webm,no strong match
Why Not Me [QibW07lkIYk].webm,Unknown,why not me,unsorted,0.0,musicup/unsorted/Why Not Me [QibW07lkIYk].webm,no strong match
Wild Angels [M8DkD9EzXjE].webm,Unknown,wild angels,unsorted,0.0,musicup/unsorted/Wild Angels [M8DkD9EzXjE].webm,no strong match
Wild One (2007 Remaster) [Vve_ss5C-nE].webm,Unknown,wild one (2007 remaster),unsorted,0.0,musicup/unsorted/Wild One (2007 Remaster) [Vve_ss5C-nE].webm,no strong match
Wink [XLL7mVERwq0].webm,Unknown,wink,unsorted,0.0,musicup/unsorted/Wink [XLL7mVERwq0].webm,no strong match
With Or Without You [6Q2mFw4VYBo].webm,Unknown,with or without you,unsorted,2,musicup/unsorted/With Or Without You [6Q2mFw4VYBo].webm,kw:without you+2->electronic
Wrapped [9zYcQBkxeXM].webm,Unknown,wrapped,unsorted,0.0,musicup/unsorted/Wrapped [9zYcQBkxeXM].webm,no strong match
Wrapped Around - Brad Paisley [C5izVTgvAGg].webm,wrapped around,brad paisley,unsorted,0.0,musicup/unsorted/Wrapped Around - Brad Paisley [C5izVTgvAGg].webm,no strong match
Write This Down - George Strait [oFZKgW8WLp4].webm,write this down,george strait,country,10,musicup/country/Write This Down - George Strait [oFZKgW8WLp4].webm,artist:george strait->country
Wynonna - ＂No One Else On Earth＂ (Official Lyric Video) [bDzzMfvEYvU].webm,wynonna,"""no one else on earth""",unsorted,0.0,musicup/unsorted/Wynonna - ＂No One Else On Earth＂ (Official Lyric Video) [bDzzMfvEYvU].webm,no strong match
WYNONNA JUDD - Tell Me Why [HQ] [EDrPtQ_Y3GY].webm,wynonna judd,tell me why,unsorted,0.0,musicup/unsorted/WYNONNA JUDD - Tell Me Why [HQ] [EDrPtQ_Y3GY].webm,no strong match
XXX's And OOO's (An American Girl) [zqTU9Ok0j0M].webm,Unknown,xxx's and ooo's (an american girl),unsorted,0.0,musicup/unsorted/XXX's And OOO's (An American Girl) [zqTU9Ok0j0M].webm,no strong match
You Can't Take the Honky Tonk out of the Girl [SmOnrZICve0].webm,Unknown,you can't take the honky tonk out of the girl,unsorted,0.0,musicup/unsorted/You Can't Take the Honky Tonk out of the Girl [SmOnrZICve0].webm,no strong match
You Look So Good In Love [sAESfPQdq0M].webm,Unknown,you look so good in love,unsorted,0.0,musicup/unsorted/You Look So Good In Love [sAESfPQdq0M].webm,no strong match
You Never Even Called Me By My Name [LZbso7sNqv0].webm,Unknown,you never even called me by my name,unsorted,0.0,musicup/unsorted/You Never Even Called Me By My Name [LZbso7sNqv0].webm,no strong match
You Save Me - Kenny Chesney [ylw4oWrLv58].webm,you save me,kenny chesney,country,10,musicup/country/You Save Me - Kenny Chesney [ylw4oWrLv58].webm,artist:kenny chesney->country
You Shouldn't Kiss Me Like This [w7azc6yAvAU].webm,Unknown,you shouldn't kiss me like this,unsorted,0.0,musicup/unsorted/You Shouldn't Kiss Me Like This [w7azc6yAvAU].webm,no strong match
You Win My Love (Remastered 2023) [KvdDdTOVha4].webm,Unknown,you win my love (remastered 2023),unsorted,1,musicup/unsorted/You Win My Love (Remastered 2023) [KvdDdTOVha4].webm,kw:remastered+1->rock
You're Still The One (Remixed⧸Remastered 2004) [J6cNvjOn4gM].webm,Unknown,you're still the one (remixed⧸remastered 2004),electronic,3,musicup/electronic/You're Still The One (Remixed⧸Remastered 2004) [J6cNvjOn4gM].webm,kw:remastered+1->rock | kw:remix+4->electronic
Young [sXWF_-FSLuc].webm,Unknown,young,unsorted,0.0,musicup/unsorted/Young [sXWF_-FSLuc].webm,no strong match
Zac Brown Band - Homegrown (Official Audio) [8N8_CRpL6wk].webm,zac brown band,homegrown,country,10,musicup/country/Zac Brown Band - Homegrown (Official Audio) [8N8_CRpL6wk].webm,artist:zac brown band->country
Zach Top - I Never Lie (Official Audio) [P6LeMSLYhko].webm,zach top,i never lie,unsorted,0.0,musicup/unsorted/Zach Top - I Never Lie (Official Audio) [P6LeMSLYhko].webm,no strong match
Zach Top - There's The Sun (Lyrics) [kS-5Ffi33sY].webm,zach top,there's the sun,unsorted,0.0,musicup/unsorted/Zach Top - There's The Sun (Lyrics) [kS-5Ffi33sY].webm,no strong match
Zach Top - Use Me (Lyric Video) [yDBS8mJzE3Y].webm,zach top,use me,unsorted,0.0,musicup/unsorted/Zach Top - Use Me (Lyric Video) [yDBS8mJzE3Y].webm,no strong match
